{"cameraMode":{"drawMode":0,"name":"Shaded","section":"Shading Mode"},"sceneLighting":true,"audioPlay":false,"sceneViewState":{"m_AlwaysRefresh":false,"showFog":true,"showSkybox":true,"showFlares":true,"showImageEffects":true,"showParticleSystems":true,"showVisualEffectGraphs":true,"m_FxEnabled":false},"in2DMode":false,"pivot":{"x":-1.321204423904419,"y":2.554236650466919,"z":7.277563095092773},"rotation":{"x":0.08243522047996521,"y":-0.17736873030662538,"z":0.022058667615056039,"w":0.9804988503456116},"size":1.2247449159622193,"orthographic":false}