{"cameraMode":{"drawMode":0,"name":"Shaded","section":"Shading Mode"},"sceneLighting":false,"audioPlay":false,"sceneViewState":{"m_AlwaysRefresh":false,"showFog":true,"showSkybox":false,"showFlares":true,"showImageEffects":true,"showParticleSystems":true,"showVisualEffectGraphs":true,"m_FxEnabled":false},"in2DMode":false,"pivot":{"x":1.079721450805664,"y":0.19216425716876985,"z":0.5784629583358765},"rotation":{"x":-0.09571581333875656,"y":0.14110225439071656,"z":0.020756224170327188,"w":0.9851614832878113},"size":0.37657007575035097,"orthographic":false}